{
  "tracks": [
    {
      "artist": "Alex Adair",
      "album": "Casual",
      "track": "Casual - Not Your Dope Remix",
      "uri": "spotify:track:69rJlFaJjo7M9RQ4ABNYuY"
    },
    {
      "artist": "Ramengvrl",
      "album": "Onto The Next",
      "track": "Onto The Next",
      "uri": "spotify:track:5yCUHGvcrS9C4u98qVw6r9"
    },
    {
      "artist": "Sam Feldt",
      "album": "Gold",
      "track": "Gold",
      "uri": "spotify:track:7zs5zHtydDQ4RTEylVtXRp"
    },
    {
      "artist": "Shaun Frank",
      "album": "No Future (feat. DYSON)",
      "track": "No Future (feat. DYSON)",
      "uri": "spotify:track:29dFba81jUZVu8oqcYPmtr"
    },
    {
      "artist": "Mike Perry",
      "album": "The Ocean (feat. Shy Martin)",
      "track": "The Ocean (feat. Shy Martin)",
      "uri": "spotify:track:2CPqh63wRVscbceKcPxwvv"
    },
    {
      "artist": "ZenAware",
      "album": "Wasted Worry",
      "track": "Wasted Worry",
      "uri": "spotify:track:1Velljq4pS4CzaP79wIWrj"
    },
    {
      "artist": "NF",
      "album": "The Search",
      "track": "My Stress",
      "uri": "spotify:track:0aQA9DP54h37OevE7hRc2a"
    },
    {
      "artist": "Elderbrook",
      "album": "Back To My Bed",
      "track": "Back To My Bed - Sam Feldt Remix",
      "uri": "spotify:track:6QTPTzoghsdc20g63qDQ5N"
    },
    {
      "artist": "Steve Void",
      "album": "Chemistry (feat. Clara Mae)",
      "track": "Chemistry (feat. Clara Mae)",
      "uri": "spotify:track:2zi6CQ9L7SBIVE5fOfqAlE"
    },
    {
      "artist": "Gryffin",
      "album": "OMG (with Carly Rae Jepsen)",
      "track": "OMG (with Carly Rae Jepsen)",
      "uri": "spotify:track:2j9YmQRxtjuVwb4XN95oT8"
    },
    {
      "artist": "Kaleb Mitchell",
      "album": "MITCHELL",
      "track": "ALRIGHT",
      "uri": "spotify:track:0IP3Dd9qchwml3dwBRnlda"
    },
    {
      "artist": "Marshmello",
      "album": "Here With Me",
      "track": "Here With Me",
      "uri": "spotify:track:5icOoE6VgqFKohjWWNp0Ac"
    },
    {
      "artist": "R3HAB",
      "album": "The Wave",
      "track": "Rumors",
      "uri": "spotify:track:1CPUilWsYY4I5nzXuTN8Gj"
    },
    {
      "artist": "TWINSICK",
      "album": "Jenny",
      "track": "Jenny",
      "uri": "spotify:track:3pBhtxGeuWxyUPvozcPA0o"
    },
    {
      "artist": "Panic! At The Disco",
      "album": "Pray for the Wicked",
      "track": "High Hopes",
      "uri": "spotify:track:1rqqCSm0Qe4I9rUvWncaom"
    },
    {
      "artist": "Sam Feldt",
      "album": "Sunrise To Sunset",
      "track": "Wishing Well",
      "uri": "spotify:track:3a4UuAErF1VMAkwqzkc1tj"
    },
    {
      "artist": "Grandtheft",
      "album": "Easy Go",
      "track": "Easy Go",
      "uri": "spotify:track:0FOPDqF7FBZwHITfKHMvLK"
    },
    {
      "artist": "Jax Jones",
      "album": "Harder",
      "track": "Harder (with Bebe Rexha)",
      "uri": "spotify:track:5ieQrVW2U70NFMg28mzlqC"
    },
    {
      "artist": "Martin Jensen",
      "album": "Wait",
      "track": "Wait",
      "uri": "spotify:track:3V9DfRoS7JfSkuTyNEsCxQ"
    },
    {
      "artist": "Amiigos",
      "album": "Clothes Off",
      "track": "Clothes Off",
      "uri": "spotify:track:5Xj1vfwZ8hcMnPRMQYJVhJ"
    },
    {
      "artist": "teamwork.",
      "album": "Afterhours",
      "track": "Afterhours",
      "uri": "spotify:track:0bOLcsauquzlMWdaONJPyx"
    },
    {
      "artist": "WESLEY",
      "album": "HOME",
      "track": "HOME",
      "uri": "spotify:track:3W7mxtYbqPlbSJXiflNJxZ"
    },
    {
      "artist": "Chris Brown",
      "album": "Don't Check On Me (feat. Justin Bieber & Ink)",
      "track": "Don't Check On Me (feat. Justin Bieber & Ink)",
      "uri": "spotify:track:3msKIQc0Yjuz3Zn39g3KLX"
    },
    {
      "artist": "Axel Johansson",
      "album": "The River",
      "track": "The River",
      "uri": "spotify:track:7ej7R4LjMWP6sdCtoayJSN"
    },
    {
      "artist": "Slushii",
      "album": "Without You",
      "track": "Without You",
      "uri": "spotify:track:1yd3iMLXISa8Dny1E6l6Fq"
    },
    {
      "artist": "Martin Jensen",
      "album": "Solo Dance",
      "track": "Solo Dance",
      "uri": "spotify:track:3R6dPfF2yBO8mHySW1XDAa"
    },
    {
      "artist": "Dimitri Vegas & Like Mike",
      "album": "When I Grow Up (feat. Wiz Khalifa)",
      "track": "When I Grow Up (feat. Wiz Khalifa)",
      "uri": "spotify:track:3LK452TFyApuFN9jjg3THO"
    },
    {
      "artist": "NF",
      "album": "The Search",
      "track": "Time - Edit",
      "uri": "spotify:track:1gZFRYcPz3wKevEaNYRwfW"
    },
    {
      "artist": "R3HAB",
      "album": "Everything",
      "track": "Everything - VIP Remix",
      "uri": "spotify:track:4pROLgIeqR6zDUgdBOdFvn"
    },
    {
      "artist": "King CAAN",
      "album": "Go Again",
      "track": "Go Again",
      "uri": "spotify:track:3FiIvg1A6ma7IJxxQ1b9yQ"
    },
    {
      "artist": "JPB",
      "album": "Up & Away",
      "track": "Up & Away",
      "uri": "spotify:track:2s9dhM7LmBHWxbKGkG1KGg"
    },
    {
      "artist": "PRETTYMUCH",
      "album": "Summer on You",
      "track": "Summer on You",
      "uri": "spotify:track:07ipXN6CNTw34qwSYePKpg"
    },
    {
      "artist": "Matt Giard",
      "album": "What Did We Do",
      "track": "What Did We Do",
      "uri": "spotify:track:6G8X6OPynhTeAPdSvY7aar"
    },
    {
      "artist": "Sweater Beats",
      "album": "Faded Away (feat. Icona Pop)",
      "track": "Faded Away (feat. Icona Pop) - SWACQ Remix",
      "uri": "spotify:track:5xdg4CT3qdwJBvpqo05bMC"
    },
    {
      "artist": "HEDEGAARD",
      "album": "That´s Me",
      "track": "That´s Me",
      "uri": "spotify:track:3Cc3ssgsvdSaEbFT6KHBAv"
    },
    {
      "artist": "Veorra",
      "album": "Sapphire",
      "track": "Standby",
      "uri": "spotify:track:4is6Z7ZZkQKxezliMAVah7"
    },
    {
      "artist": "Major Lazer",
      "album": "Believer",
      "track": "Believer",
      "uri": "spotify:track:4cSR8iebRqGXHFHo7lHIpm"
    },
    {
      "artist": "Maren Morris",
      "album": "GIRL",
      "track": "The Bones",
      "uri": "spotify:track:3npzogdOEiVsieXmmhBepL"
    },
    {
      "artist": "Sketchy Bongo",
      "album": "95 Skyline (feat. Locnville) [beats by breakfast remix]",
      "track": "95 Skyline (feat. Locnville) [beats by breakfast remix]",
      "uri": "spotify:track:4vx8RtyBfbWAUfCM75F0NC"
    },
    {
      "artist": "The Chainsmokers",
      "album": "Memories...Do Not Open",
      "track": "Young",
      "uri": "spotify:track:1KeZgPUr54C8iz3FjqzVoz"
    },
    {
      "artist": "Lil Dicky",
      "album": "Earth",
      "track": "Earth",
      "uri": "spotify:track:2S1LebN6AXXQqJolBxlWgO"
    },
    {
      "artist": "NF",
      "album": "CLOUDS",
      "track": "CLOUDS",
      "uri": "spotify:track:5UMMPHPp6vRP6ghPpSUOzp"
    },
    {
      "artist": "Daya",
      "album": "Sit Still, Look Pretty",
      "track": "Sit Still, Look Pretty",
      "uri": "spotify:track:0Mlm5SrNK34Jqn8Rk1Gs3g"
    },
    {
      "artist": "Cheat Codes",
      "album": "Put Me Back Together (feat. Kiiara)",
      "track": "Put Me Back Together (feat. Kiiara)",
      "uri": "spotify:track:5BgsAQnzQFlunJY5T4k1Pd"
    },
    {
      "artist": "blackbear",
      "album": "idfc (Tarro Remix)",
      "track": "idfc (Tarro Remix)",
      "uri": "spotify:track:44UQpKpI54KOZLAFaDAr9X"
    },
    {
      "artist": "Marc E. Bassy",
      "album": "Gossip Columns",
      "track": "Made Love First",
      "uri": "spotify:track:21csDNj3WqMPYDzW996UHL"
    },
    {
      "artist": "Alan Walker",
      "album": "Different World",
      "track": "I Don't Wanna Go",
      "uri": "spotify:track:7kVDkZkZc8qBUBsF6klUoY"
    },
    {
      "artist": "Juliet Ivy",
      "album": "ZOOM",
      "track": "ZOOM",
      "uri": "spotify:track:1pXmAjMULNZwng70yRapHQ"
    },
    {
      "artist": "R3HAB",
      "album": "Icarus",
      "track": "Icarus - R3hab & Skytech Remix",
      "uri": "spotify:track:7GScDnzsquRFoRIqZoMOPZ"
    },
    {
      "artist": "The Chainsmokers",
      "album": "Memories...Do Not Open",
      "track": "Honest",
      "uri": "spotify:track:6KjbNLbRjuoa8rEq5yNA6H"
    },
    {
      "artist": "TWO LANES",
      "album": "Long Way Home",
      "track": "Long Way Home",
      "uri": "spotify:track:03JLJvtaSwZeWISVGmKMgc"
    },
    {
      "artist": "BMAC",
      "album": "Far from Home",
      "track": "Far from Home",
      "uri": "spotify:track:39EFdaSc1yrSi4dieamTga"
    },
    {
      "artist": "Martin Garrix",
      "album": "Scared to Be Lonely",
      "track": "Scared to Be Lonely",
      "uri": "spotify:track:3ebXMykcMXOcLeJ9xZ17XH"
    },
    {
      "artist": "bülow",
      "album": "Boys Will Be Boys",
      "track": "Boys Will Be Boys",
      "uri": "spotify:track:70exbZDzS34CgTHZv4GMZK"
    },
    {
      "artist": "SABAI",
      "album": "Where It All Began",
      "track": "Million Days",
      "uri": "spotify:track:1Nh0y8vbXPcJSJ0pcw91IC"
    },
    {
      "artist": "Ashley Mehta",
      "album": "When I Ride",
      "track": "When I Ride",
      "uri": "spotify:track:4RFmBGoob5EzNjlEsaLoxK"
    },
    {
      "artist": "Alok",
      "album": "Never Let Me Go",
      "track": "Never Let Me Go",
      "uri": "spotify:track:2Bu2FXnHAMfaK6WmThS9VK"
    },
    {
      "artist": "C-Dot 416",
      "album": "Evil World",
      "track": "Evil World",
      "uri": "spotify:track:0oMHZtnoSzZ8UnWebR8ios"
    },
    {
      "artist": "BVRNOUT",
      "album": "Follow Your Heart",
      "track": "Follow Your Heart",
      "uri": "spotify:track:7Fk2NJQHMy0q2D0XVBorkP"
    },
    {
      "artist": "R3HAB",
      "album": "Islands",
      "track": "Islands",
      "uri": "spotify:track:5CnMVKkogpdfKsXEerqZTe"
    },
    {
      "artist": "San Holo",
      "album": "We Rise",
      "track": "We Rise",
      "uri": "spotify:track:7uSZPbd8DxdkmSauCKnITY"
    },
    {
      "artist": "DVBBS",
      "album": "Blood Of My Blood",
      "track": "Catch",
      "uri": "spotify:track:4st7YJoFrdiQPKMZZ4Nv1l"
    },
    {
      "artist": "Anjulie",
      "album": "Where The Love Goes",
      "track": "Where The Love Goes",
      "uri": "spotify:track:0Xa7b1Kw7I08dD2k7zZKtV"
    },
    {
      "artist": "DOLF",
      "album": "Dreams",
      "track": "Dreams",
      "uri": "spotify:track:6di9uXrlZiWUtBd69gqahD"
    },
    {
      "artist": "Cheat Codes",
      "album": "No Service In The Hills (feat. Trippie Redd, Blackbear, PRINCE$$ ROSIE)",
      "track": "No Service In The Hills (feat. Trippie Redd, Blackbear, PRINCE$$ ROSIE)",
      "uri": "spotify:track:0CmoisdB4maBgLV5MajnL4"
    },
    {
      "artist": "Cash Cash",
      "album": "Belong",
      "track": "Belong",
      "uri": "spotify:track:2PSeBKFabj27ud497FxQQy"
    },
    {
      "artist": "Bassjackers",
      "album": "These Heights (feat. Caroline Pennell)",
      "track": "These Heights (feat. Caroline Pennell)",
      "uri": "spotify:track:1LFT9QfD13yS96njon1w49"
    },
    {
      "artist": "Ella Vos",
      "album": "You Don't Know About Me (R3hab Remix)",
      "track": "You Don't Know About Me (R3hab Remix)",
      "uri": "spotify:track:5UzrHG9CEDqnTdo5pVh6Es"
    },
    {
      "artist": "Sigrid",
      "album": "Strangers",
      "track": "Strangers - R3hab Remix",
      "uri": "spotify:track:5gDboAdY3LEBEApEpJGo7Z"
    },
    {
      "artist": "Afrojack",
      "album": "One More Day",
      "track": "One More Day",
      "uri": "spotify:track:3vPoCfS2Ao2pjOvKZ63ybx"
    },
    {
      "artist": "AJR",
      "album": "The Click (Deluxe Edition)",
      "track": "Drama",
      "uri": "spotify:track:2V2koMQcuHoOhz4jCi8jMf"
    },
    {
      "artist": "Daniel Chase",
      "album": "Somebody Else",
      "track": "Somebody Else",
      "uri": "spotify:track:0jbmv7lYURhN6J5oRPXSih"
    },
    {
      "artist": "Ella Vos",
      "album": "White Noise (R3hab Remix)",
      "track": "White Noise (R3hab Remix)",
      "uri": "spotify:track:7dpnZJj7ITXcnmbmLIdEqs"
    },
    {
      "artist": "Flume",
      "album": "Say It (feat. Tove Lo) [Illenium Remix]",
      "track": "Say It (feat. Tove Lo) [Illenium Remix]",
      "uri": "spotify:track:1qcyw35R6PiMBYfSSK7gDm"
    },
    {
      "artist": "AJR",
      "album": "The Click",
      "track": "Weak",
      "uri": "spotify:track:3BuLtAmXKy5uQYl4ED1zBT"
    },
    {
      "artist": "MKTO",
      "album": "How Much",
      "track": "How Much",
      "uri": "spotify:track:0GSwsBo2hoGhid7Y4rOfUy"
    },
    {
      "artist": "Lost Boy",
      "album": "Waste Your Time",
      "track": "Waste Your Time",
      "uri": "spotify:track:2jNyS1CY6447hpvV4XRuw1"
    },
    {
      "artist": "Yellow Claw",
      "album": "Los Amsterdam",
      "track": "City on Lockdown",
      "uri": "spotify:track:22UlKuHDa7r3Pyg47CJNI6"
    },
    {
      "artist": "Juice WRLD",
      "album": "Life's A Mess (feat. Halsey)",
      "track": "Life's A Mess (feat. Halsey)",
      "uri": "spotify:track:1yHdZ9S6rBlNPH3LDNMy2P"
    },
    {
      "artist": "Lost Kings",
      "album": "Paper Crowns (Deluxe)",
      "track": "FU4E",
      "uri": "spotify:track:6C3MGasn7adPXHlE1z4NbV"
    },
    {
      "artist": "Far East Movement",
      "album": "Glue (feat. Heize & Shawn Wasabi)",
      "track": "Glue (feat. Heize & Shawn Wasabi)",
      "uri": "spotify:track:3Q7RYm1Aa8fxpMTMlfmi52"
    },
    {
      "artist": "Bryce Vine",
      "album": "Carnival",
      "track": "Love Me Hate Me",
      "uri": "spotify:track:4Zi1N9sfQFf0MEKYzrYhVp"
    },
    {
      "artist": "Mike Perry",
      "album": "Body to Body",
      "track": "Body to Body",
      "uri": "spotify:track:3qyeNnFY67zX6VmmIbzPsL"
    },
    {
      "artist": "Chelsea Cutler",
      "album": "How To Be Human",
      "track": "Sad Tonight",
      "uri": "spotify:track:2NPQbiRn9f5JWlCgNLNZJn"
    },
    {
      "artist": "Sam Feldt",
      "album": "Sunrise To Sunset",
      "track": "Fade Away",
      "uri": "spotify:track:1oLxfF4dmgoKunk9LCQBCX"
    },
    {
      "artist": "Kygo",
      "album": "Born To Be Yours",
      "track": "Born To Be Yours",
      "uri": "spotify:track:0kHyKhJMukHEPfeh8s7rdM"
    },
    {
      "artist": "Chiddy Bang",
      "album": "Breakfast",
      "track": "Mind Your Manners (feat. Icona Pop)",
      "uri": "spotify:track:0O986IRZ2rL3qGH5QiD4ZO"
    },
    {
      "artist": "Martin Jensen",
      "album": "Solo Dance",
      "track": "Solo Dance",
      "uri": "spotify:track:6HUnnBwYZqcED1eQztxMBN"
    },
    {
      "artist": "Dimitri Vegas & Like Mike",
      "album": "Hey Baby",
      "track": "Hey Baby",
      "uri": "spotify:track:0rDHOcRXcOoDjcQdDddY94"
    },
    {
      "artist": "YONAS",
      "album": "Good Day",
      "track": "Good Day",
      "uri": "spotify:track:5j2bwmJuUVGwiwyn2eB9qz"
    },
    {
      "artist": "Ashley Mehta",
      "album": "FEELS LIKE THAT",
      "track": "FEELS LIKE THAT",
      "uri": "spotify:track:7a4zEe2w0s9Ef5nSLVnBHu"
    },
    {
      "artist": "Christian French",
      "album": "head first",
      "track": "head first",
      "uri": "spotify:track:1nDOeWBfRKA5YNQ8bKWzMM"
    },
    {
      "artist": "DOLF",
      "album": "Nighttime",
      "track": "If I Die",
      "uri": "spotify:track:50nQvrEGglpXk3ng6AYjQ5"
    },
    {
      "artist": "Unknown Brain",
      "album": "Why Do I?",
      "track": "Why Do I?",
      "uri": "spotify:track:4BGaoomiLpfjfR5rg64cfi"
    },
    {
      "artist": "Cash Cash",
      "album": "Say It Like You Feel It",
      "track": "Too Late (feat. Wiz Khalifa & Lukas Graham)",
      "uri": "spotify:track:7g6HPBCtXAtxuwjlhqlh33"
    },
    {
      "artist": "Post Malone",
      "album": "Goodbyes (Feat. Young Thug)",
      "track": "Goodbyes (Feat. Young Thug)",
      "uri": "spotify:track:6vBdBCoOhKHiYDDOcorfNo"
    },
    {
      "artist": "It's Different",
      "album": "Tell Me",
      "track": "Tell Me",
      "uri": "spotify:track:4RJviB6wSOjsPVf1xumBVL"
    },
    {
      "artist": "Cam Meekins",
      "album": "Yellow",
      "track": "Fadeaway",
      "uri": "spotify:track:3w92WaeSPgwIoZTaYe75xS"
    },
    {
      "artist": "C-Dot 416",
      "album": "Cruisin'",
      "track": "Cruisin'",
      "uri": "spotify:track:4nwkWOcGt8aUohXJDWD4np"
    },
    {
      "artist": "John Concepcion",
      "album": "Space in Between",
      "track": "Space in Between",
      "uri": "spotify:track:1fEIORROAghjgd9ZBvO9SD"
    },
    {
      "artist": "Jonas Brothers",
      "album": "Happiness Begins",
      "track": "Only Human",
      "uri": "spotify:track:0DiDStADDVh3SvAsoJAFMk"
    },
    {
      "artist": "R3HAB",
      "album": "Lullaby",
      "track": "Lullaby",
      "uri": "spotify:track:0DhkTGjEaIHaSxTfC14BFm"
    },
    {
      "artist": "gianni & kyle",
      "album": "wave",
      "track": "wave",
      "uri": "spotify:track:3YTqCVdqwsql9yQKshguT6"
    },
    {
      "artist": "NF",
      "album": "Perception",
      "track": "Let You Down",
      "uri": "spotify:track:52okn5MNA47tk87PeZJLEL"
    },
    {
      "artist": "Quinn XCII",
      "album": "The Story of Us",
      "track": "Fake Denim",
      "uri": "spotify:track:0lNFKo6PVwAGnEdZfp9UfT"
    },
    {
      "artist": "MAX",
      "album": "Love Me Less (feat. Quinn XCII)",
      "track": "Love Me Less (feat. Quinn XCII)",
      "uri": "spotify:track:2tOOcDDYkh0PSjr6GwPEAJ"
    },
    {
      "artist": "Jez Dior",
      "album": "Handle With Care",
      "track": "On My Own (feat. Goody Grace)",
      "uri": "spotify:track:0ALA8uP6Su0STRyIppHQUX"
    },
    {
      "artist": "Prismo",
      "album": "Breathe",
      "track": "Breathe",
      "uri": "spotify:track:43wUolyQz3BUM8VIbn5xq8"
    },
    {
      "artist": "Different Heaven",
      "album": "My Heart",
      "track": "My Heart",
      "uri": "spotify:track:08z6EsebfUH0Q6J0Wf3eWf"
    },
    {
      "artist": "The Chainsmokers",
      "album": "Sick Boy",
      "track": "Somebody",
      "uri": "spotify:track:0fTiDOXRNEN0lUeYGoSHml"
    },
    {
      "artist": "blackbear",
      "album": "me & ur ghost",
      "track": "me & ur ghost",
      "uri": "spotify:track:4yJiXq86uM56uIfIZgE440"
    },
    {
      "artist": "R3HAB",
      "album": "Trouble",
      "track": "Trouble - It's Different Remix",
      "uri": "spotify:track:3aEgGYlDITouQfD3mV5o8J"
    },
    {
      "artist": "Internet Money",
      "album": "B4 The Storm",
      "track": "Devastated (feat. lilspirit)",
      "uri": "spotify:track:0LVzzZWDLKIdOAMIt8utfc"
    },
    {
      "artist": "Galantis",
      "album": "We Can Get High",
      "track": "We Can Get High",
      "uri": "spotify:track:0Vct1PkjAYGH2X4iwNVR71"
    },
    {
      "artist": "Fancy Cars",
      "album": "Fun",
      "track": "Fun",
      "uri": "spotify:track:08wUcJKJ4TvbPOYwfzavt3"
    },
    {
      "artist": "Zedd",
      "album": "The Middle",
      "track": "The Middle",
      "uri": "spotify:track:2ARqIya5NAuvFVHSN3bL0m"
    },
    {
      "artist": "The Chainsmokers",
      "album": "Paris",
      "track": "Paris",
      "uri": "spotify:track:15vzANxN8G9wWfwAJLLMCg"
    },
    {
      "artist": "Adas",
      "album": "Often",
      "track": "Often",
      "uri": "spotify:track:3Nfbpl0gPMnfQXjVseC0v4"
    },
    {
      "artist": "Alan Walker",
      "album": "All Falls Down (feat. Juliander)",
      "track": "All Falls Down (feat. Juliander)",
      "uri": "spotify:track:5yFSF6qQA1rcLsQRnBsZgb"
    },
    {
      "artist": "Zara Larsson",
      "album": "Ain't My Fault",
      "track": "Ain't My Fault - R3hab Remix",
      "uri": "spotify:track:3YPlsrk0Voe8AOa1jyN891"
    },
    {
      "artist": "Cartoon",
      "album": "On & On",
      "track": "On & On",
      "uri": "spotify:track:4B2kkxg3wKSTZw5JPaUtzQ"
    },
    {
      "artist": "Ashe",
      "album": "Used To It (Remixes)",
      "track": "Used To It (Aire Atlantica Remix)",
      "uri": "spotify:track:3Jw8u2ntJzniFwzB4qwrnI"
    },
    {
      "artist": "24hrs",
      "album": "Regina George",
      "track": "Regina George",
      "uri": "spotify:track:7htIBX6E4Rpy7rIib7DasS"
    },
    {
      "artist": "Slushii",
      "album": "There x2",
      "track": "There x2",
      "uri": "spotify:track:1tndktY8ZFXapGYIeHUGR2"
    },
    {
      "artist": "OMFG",
      "album": "Hello",
      "track": "Hello",
      "uri": "spotify:track:6BAnxKyld909yo6Pk1DO3r"
    },
    {
      "artist": "Jeremy Zucker",
      "album": "idle",
      "track": "talk is overrated",
      "uri": "spotify:track:7cflqPPi3zWfLFRRBTWeh6"
    },
    {
      "artist": "J-Reyez",
      "album": "There for You",
      "track": "There for You",
      "uri": "spotify:track:6RA7aJ9PAOTVQ7D5By1iYO"
    },
    {
      "artist": "N3WPORT",
      "album": "Home EP",
      "track": "New Day (feat. Annaka)",
      "uri": "spotify:track:0TaZ0Hll6HsQn5LDZx1tXD"
    },
    {
      "artist": "R3HAB",
      "album": "Ain't That Why",
      "track": "Ain't That Why",
      "uri": "spotify:track:6kxmBja0pKhbBXiAMMeXwh"
    },
    {
      "artist": "R3HAB",
      "album": "You Could Be",
      "track": "You Could Be",
      "uri": "spotify:track:1PM8OIREXRl5lFb06852rr"
    },
    {
      "artist": "Crankdat",
      "album": "Reasons To Run",
      "track": "Reasons to Run",
      "uri": "spotify:track:32DF61LCyB0t9SamSsEuFX"
    },
    {
      "artist": "Bazzi",
      "album": "Paradise",
      "track": "Paradise",
      "uri": "spotify:track:7njKgVl3AnLflRad38o7AG"
    },
    {
      "artist": "Mishaal",
      "album": "Friends (feat. Powfu)",
      "track": "Friends (feat. Powfu)",
      "uri": "spotify:track:7pJSpYDtskHUajG1HDlkhf"
    },
    {
      "artist": "LVNDSCAPE",
      "album": "Dive With Me EP",
      "track": "Dive With Me",
      "uri": "spotify:track:1NldMriIXmMdChqZtHCGbW"
    },
    {
      "artist": "The Chainsmokers",
      "album": "All We Know",
      "track": "All We Know",
      "uri": "spotify:track:2rizacJSyD9S1IQUxUxnsK"
    },
    {
      "artist": "Yellow Claw",
      "album": "Both of Us",
      "track": "Both of Us",
      "uri": "spotify:track:6QcIPGlQpohjUNPpIv1OsB"
    },
    {
      "artist": "bear bear & friends",
      "album": "SUMMER RAIN",
      "track": "SUMMER RAIN",
      "uri": "spotify:track:7qOQ0v4xowHYaeQz7qbo2W"
    },
    {
      "artist": "Jackie Platinum",
      "album": "Nova Scotia",
      "track": "Nova Scotia",
      "uri": "spotify:track:0tInOT2CFxchaIYYecgyte"
    },
    {
      "artist": "Famba",
      "album": "Space (feat. Toito & Karli)",
      "track": "Space (feat. Toito & Karli)",
      "uri": "spotify:track:4gEydcORvnoDMg6ENUIveW"
    },
    {
      "artist": "Madison Beer",
      "album": "As She Pleases",
      "track": "Home with You",
      "uri": "spotify:track:0iwsQWgtjSq2kUXuZwTDAL"
    },
    {
      "artist": "Two Friends",
      "album": "While We're Dreaming (feat. Kevin Writer)",
      "track": "While We're Dreaming (feat. Kevin Writer)",
      "uri": "spotify:track:0dyxg4MqtduJSTq6cyIG5q"
    },
    {
      "artist": "Lauv",
      "album": "fuck, i'm lonely",
      "track": "fuck, i'm lonely",
      "uri": "spotify:track:322tcqPhma7F6hfCeLisx0"
    },
    {
      "artist": "Kygo",
      "album": "First Time",
      "track": "First Time - R3hab Remix",
      "uri": "spotify:track:7mcI6Gpufrz5PF94xUVDeC"
    },
    {
      "artist": "The Chainsmokers",
      "album": "Memories...Do Not Open",
      "track": "Wake Up Alone",
      "uri": "spotify:track:0dj1CtyRxZ4bnIT4Q20jNT"
    },
    {
      "artist": "Deep Chills",
      "album": "Run Free",
      "track": "Run Free",
      "uri": "spotify:track:1oIdcFtf58sZbS7QyZQJ2P"
    },
    {
      "artist": "Slushii",
      "album": "Twinbow",
      "track": "Twinbow",
      "uri": "spotify:track:6kUB88CQG4dAOkUmURwBLA"
    },
    {
      "artist": "Why Don't We",
      "album": "Come to Brazil",
      "track": "Come to Brazil",
      "uri": "spotify:track:6cOm9V2J4ybgsqUDrLaqn6"
    },
    {
      "artist": "Boy In Space",
      "album": "Dance Alone",
      "track": "Dance Alone",
      "uri": "spotify:track:3UPv0HMOdkLdxZJBeiugmn"
    },
    {
      "artist": "Bad Decisions",
      "album": "I Got You",
      "track": "I Got You",
      "uri": "spotify:track:3EJ50Bn0ZG1tWRkrhld5b8"
    },
    {
      "artist": "Not Your Dope",
      "album": "5 AM",
      "track": "5 AM",
      "uri": "spotify:track:5c1Miz53kZbsJFoa6RvS99"
    },
    {
      "artist": "Mike Williams",
      "album": "Make You Mine (feat. Moa Lisa)",
      "track": "Make You Mine (feat. Moa Lisa)",
      "uri": "spotify:track:1ICPREUY4yMNeFEgbNh7D5"
    },
    {
      "artist": "Krewella",
      "album": "zer0",
      "track": "Anxiety",
      "uri": "spotify:track:3MIDI56fBQenFrMMz2cO7i"
    },
    {
      "artist": "NF",
      "album": "Perception",
      "track": "Lie",
      "uri": "spotify:track:07FkzikE6FuHIa8Ma7zJGc"
    },
    {
      "artist": "Not Your Dope",
      "album": "The Fall (feat. Mia Vaile)",
      "track": "The Fall (feat. Mia Vaile)",
      "uri": "spotify:track:24iHPg1j6I8MOsdNYR5qqf"
    },
    {
      "artist": "Hot Shade",
      "album": "Don't Give Up On Me",
      "track": "Don't Give Up On Me",
      "uri": "spotify:track:6iQxtx34DcCcWY0KuubGSz"
    },
    {
      "artist": "Dimitri Vegas & Like Mike",
      "album": "Complicated (feat. Kiiara)",
      "track": "Complicated (feat. Kiiara)",
      "uri": "spotify:track:1Sl3njkhhz8nrSPZroDQ82"
    },
    {
      "artist": "TRXD",
      "album": "Our City (feat. Emilie Adams)",
      "track": "Our City (feat. Emilie Adams)",
      "uri": "spotify:track:4MV8yeKSsls4xev14yDXL6"
    },
    {
      "artist": "Streex",
      "album": "Walking Dead",
      "track": "Walking Dead",
      "uri": "spotify:track:4ZFaqceMEenTTuSi010MaQ"
    },
    {
      "artist": "The Chainsmokers",
      "album": "Memories...Do Not Open",
      "track": "Bloodstream",
      "uri": "spotify:track:26AuyrZGzWWiYZPSd3XBIg"
    },
    {
      "artist": "Cash Cash",
      "album": "Matches",
      "track": "Matches",
      "uri": "spotify:track:7nwGvxqSrgAuty1tlPGCFz"
    },
    {
      "artist": "C-Dot 416",
      "album": "Words 2 Say",
      "track": "Words 2 Say",
      "uri": "spotify:track:7uIDiqsTzjDnGJDa42rmPd"
    },
    {
      "artist": "Loud Luxury",
      "album": "I'm Not Alright",
      "track": "I'm Not Alright",
      "uri": "spotify:track:4otVP2TcJliXWq2GjkvWkR"
    },
    {
      "artist": "Lost Kings",
      "album": "Quit You",
      "track": "Quit You",
      "uri": "spotify:track:4GJAd1nBylAEbw1dZDVzEQ"
    },
    {
      "artist": "Bryce Vine",
      "album": "La La Land (feat. YG)",
      "track": "La La Land (feat. YG)",
      "uri": "spotify:track:3TpBefRZ1vFcOH6z57PQRI"
    },
    {
      "artist": "Soundwave",
      "album": "\"Peace\"",
      "track": "Peace",
      "uri": "spotify:track:13oPayR9Y5SnWyR6SyXJJG"
    },
    {
      "artist": "Arman Cekin",
      "album": "California Dreaming (feat. Paul Rey)",
      "track": "California Dreaming (feat. Paul Rey)",
      "uri": "spotify:track:3jmxVk1zqPoUpXLKr7MJfw"
    },
    {
      "artist": "Ace Hashimoto",
      "album": "Play.Make.Believe.",
      "track": "4EVERYTHING",
      "uri": "spotify:track:4Dlfmuas4GiUQrDwU4JH8g"
    },
    {
      "artist": "Lost Kings",
      "album": "Paper Crowns",
      "track": "Don't Kill My High (feat. Wiz Khalifa & Social House)",
      "uri": "spotify:track:0hK0PTJdd4Jx6Ryl4t8jTi"
    },
    {
      "artist": "KP",
      "album": "Moments Turned Memories",
      "track": "Crown",
      "uri": "spotify:track:3AhPjjXviHid6smOeWNVrZ"
    },
    {
      "artist": "BOXINBOX",
      "album": "Black and White (feat. MJ Ultra)",
      "track": "Black and White (feat. MJ Ultra)",
      "uri": "spotify:track:3s5mgoJ4j7vJGWDHDCzqjL"
    },
    {
      "artist": "KYLE",
      "album": "Light of Mine",
      "track": "Playinwitme (feat. Kehlani)",
      "uri": "spotify:track:4F1yvJfQ7gJkrcgFJQDjOr"
    },
    {
      "artist": "Cash Cash",
      "album": "Jewel (feat. Nikki Vianna)",
      "track": "Jewel (feat. Nikki Vianna)",
      "uri": "spotify:track:1YnJvNqULdzYN1tko3fxiI"
    },
    {
      "artist": "VINAI",
      "album": "Where the Water Ends",
      "track": "Where the Water Ends",
      "uri": "spotify:track:5Qh8DqDqD0BxHbI2f8P3j2"
    },
    {
      "artist": "Carlie Hanson",
      "album": "Side Effects",
      "track": "Side Effects",
      "uri": "spotify:track:776xH04Us0YBTdspg6C1cP"
    },
    {
      "artist": "Diviners",
      "album": "Slow",
      "track": "Slow",
      "uri": "spotify:track:3NEFes4tE4xRObyLGLrE6c"
    },
    {
      "artist": "Lizzo",
      "album": "Cuz I Love You",
      "track": "Truth Hurts",
      "uri": "spotify:track:5qmq61DAAOUaW8AUo8xKhh"
    },
    {
      "artist": "Gryffin",
      "album": "Feel Good (feat. Daya)",
      "track": "Feel Good (feat. Daya)",
      "uri": "spotify:track:0Ev562zA4pmUsBqjxsxxdx"
    },
    {
      "artist": "Mike Perry",
      "album": "Hands",
      "track": "Hands",
      "uri": "spotify:track:5153LWKMJiMNIRCChGN4Ja"
    },
    {
      "artist": "Marshmello",
      "album": "Silence",
      "track": "Silence",
      "uri": "spotify:track:7vGuf3Y35N4wmASOKLUVVU"
    },
    {
      "artist": "Dabin",
      "album": "Wild Youth",
      "track": "Part-Time Lover",
      "uri": "spotify:track:7iYMW4Ww40RAbfeccmzMQa"
    },
    {
      "artist": "Yellow Claw",
      "album": "Los Amsterdam",
      "track": "Light Years",
      "uri": "spotify:track:2Q0OJQ0KcwLjYxsfmio2s6"
    },
    {
      "artist": "The Lifted",
      "album": "Watch Me Fall (feat. Ashliann)",
      "track": "Watch Me Fall (feat. Ashliann)",
      "uri": "spotify:track:7pkF4Ps6LstSsAFt2SlAMK"
    },
    {
      "artist": "Chelsea Cutler",
      "album": "brent",
      "track": "please",
      "uri": "spotify:track:0TzeZppPwhEhySYaNRulr9"
    },
    {
      "artist": "Burak Yeter",
      "album": "GO 2.0",
      "track": "GO 2.0",
      "uri": "spotify:track:0p9CxedETjZllbtlMsSyIk"
    },
    {
      "artist": "R3HAB",
      "album": "I Just Can't",
      "track": "I Just Can't",
      "uri": "spotify:track:4Ux0Y0eQYv4HJPvuxioosx"
    },
    {
      "artist": "Cash Cash",
      "album": "Blood, Sweat & 3 Years",
      "track": "Hero (feat. Christina Perri)",
      "uri": "spotify:track:5g1BARk25uUJtEPSUwcjnU"
    },
    {
      "artist": "Zedd",
      "album": "Happy Now",
      "track": "Happy Now",
      "uri": "spotify:track:4keoy2fqgwGnbWlm3ZVZFa"
    },
    {
      "artist": "Two Friends",
      "album": "Just A Kid (feat. Kevin Writer)",
      "track": "Just A Kid (feat. Kevin Writer)",
      "uri": "spotify:track:7edv4Plv9cHk6SZjynVn3E"
    },
    {
      "artist": "Cheat Codes",
      "album": "How Do You Love (with Lee Brice & Lindsay Ell)",
      "track": "How Do You Love (with Lee Brice & Lindsay Ell)",
      "uri": "spotify:track:6deDpxfbapjMLgHoaNuAx6"
    },
    {
      "artist": "Kygo",
      "album": "Cloud Nine",
      "track": "Firestone",
      "uri": "spotify:track:1I8tHoNBFTuoJAlh4hfVVE"
    },
    {
      "artist": "Lost Kings",
      "album": "You",
      "track": "You - Evan Berg Remix Edit",
      "uri": "spotify:track:4wxalzIz8Xl8gIYgQfxs4y"
    },
    {
      "artist": "Marshmello",
      "album": "Joytime",
      "track": "Summer",
      "uri": "spotify:track:1Hk0QRlUFCHYG6zIvUh0Xd"
    },
    {
      "artist": "Grey",
      "album": "DEEP END",
      "track": "DEEP END",
      "uri": "spotify:track:3AZ0f6YkBQE8qUed8Is6r7"
    },
    {
      "artist": "Rain Man",
      "album": "Habit (The Remixes)",
      "track": "Habit - T-Mass Remix",
      "uri": "spotify:track:0UmEBl3nxQJoDWDBosOtZE"
    },
    {
      "artist": "Shawn Wasabi",
      "album": "Marble Soda",
      "track": "Marble Soda",
      "uri": "spotify:track:1M1aKmgUXpmWZi43u8sJn4"
    },
    {
      "artist": "Sample God",
      "album": "99 Sins",
      "track": "99 Sins",
      "uri": "spotify:track:3QBaYV7t1fI3HlpdDtxma1"
    },
    {
      "artist": "Olly Murs",
      "album": "Mark On My Heart",
      "track": "Mark On My Heart",
      "uri": "spotify:track:1VFh12Ic60DSd3GQX0cmkn"
    },
    {
      "artist": "Lycvant",
      "album": "Leave",
      "track": "Leave",
      "uri": "spotify:track:74n8XjDL2JtKVErCE3EorA"
    },
    {
      "artist": "My Buddy Mike",
      "album": "Hollow (feat. Sabelle)",
      "track": "Hollow (feat. Sabelle)",
      "uri": "spotify:track:7p0nLpkKaAeebJ1SIP46HM"
    },
    {
      "artist": "TheFatRat",
      "album": "No No No",
      "track": "No No No",
      "uri": "spotify:track:5mZB7pYtcAPo7wo5DtW939"
    },
    {
      "artist": "Wild Cards",
      "album": "It Girl",
      "track": "It Girl",
      "uri": "spotify:track:7ubZWkUPw7wjBGcIcNHflL"
    },
    {
      "artist": "Lost Kings",
      "album": "Look At Us Now",
      "track": "Look At Us Now",
      "uri": "spotify:track:2idTnDVMIFBqdoHodX8WQc"
    },
    {
      "artist": "Skrux",
      "album": "You & Me - Single",
      "track": "You & Me",
      "uri": "spotify:track:1XoMhaVxtcVukieSHOpBtn"
    },
    {
      "artist": "MKTO",
      "album": "Bad Girls EP",
      "track": "Just Imagine It",
      "uri": "spotify:track:0mtmrbRFsectINNpHdDkUQ"
    },
    {
      "artist": "Cash Cash",
      "album": "How to Love (feat. Sofia Reyes)",
      "track": "How to Love (feat. Sofia Reyes)",
      "uri": "spotify:track:2VYiQ9ijG3NER2aevaxzDi"
    },
    {
      "artist": "Maliboux",
      "album": "Hold You Down",
      "track": "Hold You Down",
      "uri": "spotify:track:2jhQ7SLMhafLoWEALsNt3q"
    },
    {
      "artist": "Why Don't We",
      "album": "Chills",
      "track": "Chills",
      "uri": "spotify:track:7tN0ceaX3JAz6aVtyXn9mn"
    },
    {
      "artist": "Boy In Space",
      "album": "7UP",
      "track": "7UP",
      "uri": "spotify:track:4cB00WOFuQFLoDpnydcx8c"
    },
    {
      "artist": "Arman Cekin",
      "album": "Show You Off (feat. Xuitcasecity)",
      "track": "Show You off (feat. Xuitcasecity)",
      "uri": "spotify:track:40Z7QfRaFEH0HcXlFJHBXc"
    },
    {
      "artist": "Ruth B.",
      "album": "Lost Boy",
      "track": "Lost Boy",
      "uri": "spotify:track:4h0zU3O9R5xzuTmNO7dNDU"
    },
    {
      "artist": "Sam Feldt",
      "album": "Heaven (Don't Have A Name) [feat. Jeremy Renner]",
      "track": "Heaven (Don't Have A Name) [feat. Jeremy Renner]",
      "uri": "spotify:track:2mRfXNIIxzNfj8X5syN6HM"
    },
    {
      "artist": "Mickey Valen",
      "album": "Meet Me",
      "track": "Meet Me",
      "uri": "spotify:track:2B00MZNljOitCgetHiNcxf"
    },
    {
      "artist": "blackbear",
      "album": "cybersex",
      "track": "anxiety (with FRND)",
      "uri": "spotify:track:7fTv78fqZU7DuZBBo4qf4N"
    },
    {
      "artist": "Abe Parker",
      "album": "Seventeen",
      "track": "Seventeen",
      "uri": "spotify:track:5j3cMuKbLSC3WgJiEt4XZF"
    },
    {
      "artist": "Hogland",
      "album": "We Don't Care",
      "track": "We Don't Care",
      "uri": "spotify:track:4JvgDvUxtG3qwbzbCgucwq"
    },
    {
      "artist": "Lulleaux",
      "album": "Contact",
      "track": "Contact",
      "uri": "spotify:track:2IQB5iBapo0Y37Yc0PtIZc"
    },
    {
      "artist": "Jason Parris",
      "album": "Yours (Bloom & Bridge Remix)",
      "track": "Yours (Bloom & Bridge Remix)",
      "uri": "spotify:track:4U3WRiD8S1V60NjzYeURhg"
    },
    {
      "artist": "Quinn XCII",
      "album": "The Story of Us",
      "track": "Flare Guns",
      "uri": "spotify:track:7cM9Kqto11iJpY2RwgVJSq"
    },
    {
      "artist": "Y2K",
      "album": "Go Dumb (feat. blackbear, The Kid LAROI and Bankrol Hayden)",
      "track": "Go Dumb (feat. blackbear, The Kid LAROI and Bankrol Hayden)",
      "uri": "spotify:track:64YAQSR4jfmtHeJudcQix2"
    },
    {
      "artist": "Joakim Molitor",
      "album": "Always Gonna Say Sorry",
      "track": "Always Gonna Say Sorry",
      "uri": "spotify:track:020mPSviVz90DTlyfxofDJ"
    },
    {
      "artist": "Dave Mac",
      "album": "Better Again",
      "track": "Better Again",
      "uri": "spotify:track:1GqpRIUcKIf0rC9ywqTyqq"
    },
    {
      "artist": "David Guetta",
      "album": "Dirty Sexy Money (feat. Charli XCX & French Montana)",
      "track": "Dirty Sexy Money (feat. Charli XCX & French Montana)",
      "uri": "spotify:track:0tPQPaOKM32WgMSbPCYyRH"
    },
    {
      "artist": "Neptunica",
      "album": "Poseidon",
      "track": "Poseidon - Original Edit",
      "uri": "spotify:track:0Fb5hNx1DgShtWXRAXvMye"
    },
    {
      "artist": "Machine Gun Kelly",
      "album": "Home (with Machine Gun Kelly, X Ambassadors & Bebe Rexha) [From Bright: The Album]",
      "track": "Home (with Machine Gun Kelly, X Ambassadors & Bebe Rexha)",
      "uri": "spotify:track:0OI7AFifLSoGzpb8bdBLLV"
    },
    {
      "artist": "Marshmello",
      "album": "You & Me",
      "track": "You & Me",
      "uri": "spotify:track:6TdweeWiGv35hKXn3tARjA"
    },
    {
      "artist": "Why Don't We",
      "album": "I Don't Belong In This Club",
      "track": "I Don't Belong In This Club",
      "uri": "spotify:track:45ZGEdLxCZvdMX9jWlsAAx"
    },
    {
      "artist": "Marshmello",
      "album": "Tongue Tied (with YUNGBLUD & blackbear)",
      "track": "Tongue Tied (with YUNGBLUD & blackbear)",
      "uri": "spotify:track:7jzldCBnJjpJM3epzJ85KE"
    },
    {
      "artist": "NOTD",
      "album": "Start It Over (feat. CVBZ & Shy Martin)",
      "track": "Start It Over (feat. CVBZ & Shy Martin)",
      "uri": "spotify:track:2i5hQ1RoA0KCzVRXjktJoo"
    },
    {
      "artist": "Steve Void",
      "album": "We Won't Leave You",
      "track": "We Won't Leave You",
      "uri": "spotify:track:1vMPOXedoeZCtHzBB2Vart"
    },
    {
      "artist": "Conor Matthews",
      "album": "Forever Right Now",
      "track": "Forever Right Now",
      "uri": "spotify:track:3O4DdB07AoPwvy1fsIToiT"
    },
    {
      "artist": "Tokyo Machine",
      "album": "Last Summer",
      "track": "Last Summer",
      "uri": "spotify:track:7pxRBbUWBcVoTWi3MiFl6V"
    },
    {
      "artist": "Yellow Claw",
      "album": "Los Amsterdam",
      "track": "Friends In The Dark",
      "uri": "spotify:track:4ejxxRKxZkMi7IL7hfcOHw"
    },
    {
      "artist": "Martin Garrix",
      "album": "So Far Away (feat. Jamie Scott & Romy Dya)",
      "track": "So Far Away (feat. Jamie Scott & Romy Dya)",
      "uri": "spotify:track:0OlnLZY4cmQzT6ZGttvWBM"
    },
    {
      "artist": "Witt Lowry",
      "album": "Nevers Road",
      "track": "Crash",
      "uri": "spotify:track:44Ntnebxz8ncM6NqCWBlDB"
    },
    {
      "artist": "Fvmeless",
      "album": "High on You",
      "track": "High on You",
      "uri": "spotify:track:6QnrGUeY5UKNo1daLSfSKB"
    },
    {
      "artist": "Alan Walker",
      "album": "Tired",
      "track": "Tired",
      "uri": "spotify:track:3b5Li4QKDVBx1x7fQuu54a"
    },
    {
      "artist": "Borgeous",
      "album": "Leave",
      "track": "Leave",
      "uri": "spotify:track:5Qnk8vP5g9l5SDQKU3qyYQ"
    },
    {
      "artist": "Noah Elliott",
      "album": "Craving You",
      "track": "Craving You",
      "uri": "spotify:track:7nifg3tEjkPRVYEf7SiWih"
    },
    {
      "artist": "Quintino",
      "album": "Good Vibes",
      "track": "Good Vibes",
      "uri": "spotify:track:0X8VlQBGnKhWTBpTlgqgSr"
    },
    {
      "artist": "Tyla Yaweh",
      "album": "Tommy Lee (feat. Post Malone)",
      "track": "Tommy Lee (feat. Post Malone)",
      "uri": "spotify:track:5QZKcQDp0tCcvMdyqEciBV"
    },
    {
      "artist": "Matoma",
      "album": "Slow (feat. Noah Cyrus)",
      "track": "Slow (feat. Noah Cyrus) - R3HAB Remix",
      "uri": "spotify:track:4L4c1VnA1KkjIE1qFsq8sz"
    },
    {
      "artist": "Shaboozey",
      "album": "Lady Wrangler",
      "track": "Golden Child",
      "uri": "spotify:track:04QWC97Dvd9g0IEDoyUDBX"
    },
    {
      "artist": "Claire Ridgely",
      "album": "Busy Body",
      "track": "Busy Body",
      "uri": "spotify:track:3EdO9ZpYpTHO2CM0yenmAl"
    },
    {
      "artist": "Party Favor",
      "album": "Caskets (feat. FKi 1st)",
      "track": "Caskets",
      "uri": "spotify:track:0FknXlaOeXD7Vto1Hx9wtP"
    },
    {
      "artist": "Delaney Jane",
      "album": "Dirty Pretty Things",
      "track": "Safe With You",
      "uri": "spotify:track:1bjYAjG9f8cVyjY3kkzBOd"
    },
    {
      "artist": "Krewella",
      "album": "Be There",
      "track": "Be There",
      "uri": "spotify:track:4sJAm5WXrKBycKF20bgEqB"
    },
    {
      "artist": "San Holo",
      "album": "Light",
      "track": "Light",
      "uri": "spotify:track:74Ru27B7Jx8mBt5MGvGLLv"
    },
    {
      "artist": "Brent de la Cruz",
      "album": "In the Future",
      "track": "In the Future",
      "uri": "spotify:track:2uoZHKd80VuwRnxmdhdxFJ"
    },
    {
      "artist": "Edgar Sandoval Jr",
      "album": "suburbs and run-down clothes",
      "track": "suburbs and run-down clothes",
      "uri": "spotify:track:67vluxkoYaCC81f1BcI51z"
    },
    {
      "artist": "Shawn Wasabi",
      "album": "Mango Love",
      "track": "Mango Love",
      "uri": "spotify:track:6ik5h69AqI6l3LlxpB9TBe"
    },
    {
      "artist": "Yellow Claw",
      "album": "New Blood",
      "track": "Waiting",
      "uri": "spotify:track:6zv7xL1bE4tH38emhhzWan"
    },
    {
      "artist": "Dimitri Vegas & Like Mike",
      "album": "Stay A While",
      "track": "Stay A While - Angemi Remix",
      "uri": "spotify:track:0IslwkuPSoJy6nrlgDxxT7"
    },
    {
      "artist": "Alan Walker",
      "album": "Spectre",
      "track": "Spectre",
      "uri": "spotify:track:0lMrWcrVXHPEuVBuc0nRzZ"
    },
    {
      "artist": "dabl",
      "album": "Off My Mind",
      "track": "Off My Mind",
      "uri": "spotify:track:1d9Pbwjpkl1Fh1a4b1Pdat"
    },
    {
      "artist": "MELVV",
      "album": "Blank (feat. Kennedi)",
      "track": "Blank (feat. Kennedi)",
      "uri": "spotify:track:4fayj8DL1p693p81x0T0ES"
    },
    {
      "artist": "Clean Bandit",
      "album": "Solo (feat. Demi Lovato)",
      "track": "Solo (feat. Demi Lovato)",
      "uri": "spotify:track:6kPJZM97LwdG9QIsT7khp6"
    },
    {
      "artist": "Halsey",
      "album": "Now Or Never",
      "track": "Now Or Never - R3hab Remix",
      "uri": "spotify:track:6AxeQXv4guZziuAQptgeyV"
    },
    {
      "artist": "ROZES",
      "album": "Where Would We Be",
      "track": "Where Would We Be",
      "uri": "spotify:track:2d3fNzMA3aUqeRFWHqzbHd"
    },
    {
      "artist": "Borgeous",
      "album": "Unreleased Sessions, Vol. 1",
      "track": "Time",
      "uri": "spotify:track:4C922XCY9EuOnMzKJlG53w"
    },
    {
      "artist": "Far East Movement",
      "album": "Lovebird (feat. Lay)",
      "track": "Lovebird (feat. Lay)",
      "uri": "spotify:track:5Fjp9RR9mwtQHKACnqew5o"
    },
    {
      "artist": "Eminem",
      "album": "Music To Be Murdered By",
      "track": "Godzilla (feat. Juice WRLD)",
      "uri": "spotify:track:7FIWs0pqAYbP91WWM0vlTQ"
    },
    {
      "artist": "DROELOE",
      "album": "Lines of the Broken",
      "track": "Lines of the Broken",
      "uri": "spotify:track:4NvDs1kRKYdR5jacOH6aCC"
    },
    {
      "artist": "The Chainsmokers",
      "album": "World War Joy",
      "track": "Call You Mine (feat. Bebe Rexha)",
      "uri": "spotify:track:05CwHjIk71RXVU40boRMnR"
    },
    {
      "artist": "Galantis",
      "album": "Love on Me Remixes",
      "track": "Love on Me - CID Remix",
      "uri": "spotify:track:7bnYyxLapKga3nZufqKnmK"
    },
    {
      "artist": "AJR",
      "album": "Neotheater",
      "track": "Don't Throw Out My Legos",
      "uri": "spotify:track:0RVC26StglOZKJyCcR02wb"
    },
    {
      "artist": "OneRepublic",
      "album": "Rescue Me",
      "track": "Rescue Me",
      "uri": "spotify:track:0mjAU3yKR1QnXnHtjGJqTM"
    },
    {
      "artist": "Selena Gomez",
      "album": "Wolves",
      "track": "Wolves",
      "uri": "spotify:track:7EmGUiUaOSGDnUUQUDrOXC"
    },
    {
      "artist": "Streex",
      "album": "Down (feat. The Ready Set)",
      "track": "Down (feat. The Ready Set)",
      "uri": "spotify:track:13OsCMM62x7kJZDqjF0fay"
    },
    {
      "artist": "Y2K",
      "album": "Lalala",
      "track": "Lalala",
      "uri": "spotify:track:07rmSXN6vNoquX1AsWd9pP"
    },
    {
      "artist": "Justice Skolnik",
      "album": "Seventeen",
      "track": "Seventeen (featuring Nevve)",
      "uri": "spotify:track:2uoGR0vgRfviZKvmrn8n8r"
    },
    {
      "artist": "Olivia Holt",
      "album": "love u again (with R3HAB)",
      "track": "love u again (with R3HAB)",
      "uri": "spotify:track:1raVCSLFrefcuDAzPBUoYJ"
    },
    {
      "artist": "Lost Kings",
      "album": "When We Were Young",
      "track": "When We Were Young",
      "uri": "spotify:track:4mEILaBM7bKZqKAun5tABu"
    },
    {
      "artist": "PmBata",
      "album": "I Would Never",
      "track": "I Would Never",
      "uri": "spotify:track:0icgGg4BN47ILHEhOSaFgh"
    },
    {
      "artist": "Jeremy Zucker",
      "album": "glisten",
      "track": "all the kids are depressed",
      "uri": "spotify:track:75ls0gurX68lUmMjE7QcsE"
    },
    {
      "artist": "Yellow Claw",
      "album": "Love & War (feat. Yade Lauren)",
      "track": "Love & War",
      "uri": "spotify:track:5Inwldl7icx3DukqwzuMMC"
    },
    {
      "artist": "Sam Feldt",
      "album": "Magnets EP",
      "track": "Post Malone (feat. RANI)",
      "uri": "spotify:track:0qc4QlcCxVTGyShurEv1UU"
    },
    {
      "artist": "Far East Movement",
      "album": "Paint The Clouds (feat. Tia Ray)",
      "track": "Paint The Clouds (feat. Tia Ray)",
      "uri": "spotify:track:0v4bGsfRuNiTQQ5JvKngb8"
    },
    {
      "artist": "Alina Baraz",
      "album": "Floating (feat. Khalid) [filous Remix]",
      "track": "Floating (feat. Khalid) [filous Remix]",
      "uri": "spotify:track:3Vtl4Xc9cKVs1UoenXtScn"
    },
    {
      "artist": "Matt Giard",
      "album": "You",
      "track": "You",
      "uri": "spotify:track:58ZQqucdIqSXvq93BXvZg3"
    },
    {
      "artist": "Alec Chambers",
      "album": "Boston",
      "track": "Boston",
      "uri": "spotify:track:3H0vpBGDoSFGZoSv8nyO0m"
    },
    {
      "artist": "Mike Perry",
      "album": "Stay Young",
      "track": "Stay Young",
      "uri": "spotify:track:2kLf4myxQME1Nd0voeKZri"
    },
    {
      "artist": "Crankdat",
      "album": "Dollars",
      "track": "Dollars",
      "uri": "spotify:track:7CWZT08RZ01flUOJusFs2X"
    },
    {
      "artist": "Halsey",
      "album": "BADLANDS",
      "track": "Ghost",
      "uri": "spotify:track:5dcYoYFAXh0f0qI05AoufB"
    },
    {
      "artist": "Mike Perry",
      "album": "Inside the Lines",
      "track": "Inside the Lines",
      "uri": "spotify:track:5GzExVEv1JDsYyPFjMdXsA"
    },
    {
      "artist": "Lost Kings",
      "album": "Feather",
      "track": "Feather",
      "uri": "spotify:track:3TBKXtDKPVlL9dN6Am297J"
    },
    {
      "artist": "Matt Mems",
      "album": "Night End",
      "track": "Night End",
      "uri": "spotify:track:4bHMLGzoIxRO3zqPvOA2hY"
    },
    {
      "artist": "R3HAB",
      "album": "Hold Me",
      "track": "Hold Me",
      "uri": "spotify:track:2a9xGmpgNyNz9QVRIDOlUl"
    },
    {
      "artist": "Charlene Su",
      "album": "i like red",
      "track": "i like red",
      "uri": "spotify:track:3GQ4GdXU8wBbPqBcKDTJ65"
    },
    {
      "artist": "Quinn XCII",
      "album": "From Michigan With Love",
      "track": "Life Must Go On",
      "uri": "spotify:track:3vmsnZF4KPLjbDgZEqwTdL"
    },
    {
      "artist": "NF",
      "album": "Chasing_(Demo)",
      "track": "Chasing_(Demo)",
      "uri": "spotify:track:4f80SteKqaB6M2JytEUrwT"
    },
    {
      "artist": "benny blanco",
      "album": "Eastside (with Halsey & Khalid)",
      "track": "Eastside (with Halsey & Khalid)",
      "uri": "spotify:track:0d2iYfpKoM0QCKvcLCkBao"
    },
    {
      "artist": "Bazanji",
      "album": "2019",
      "track": "2019",
      "uri": "spotify:track:4DERbz1e89YD9VZt7or9GB"
    },
    {
      "artist": "Benny Mox",
      "album": "Bare Hands",
      "track": "Bare Hands",
      "uri": "spotify:track:0kDHusakvOY6QMaTBnzNyJ"
    },
    {
      "artist": "Yellow Claw",
      "album": "Los Amsterdam",
      "track": "Last Paradise",
      "uri": "spotify:track:3Iu9Pg5Teuou2B33iuQboe"
    },
    {
      "artist": "Shawn Mendes",
      "album": "If I Can't Have You",
      "track": "If I Can't Have You",
      "uri": "spotify:track:6LsAAHotRLMOHfCsSfYCsz"
    },
    {
      "artist": "Disco Fries",
      "album": "DF",
      "track": "Starting Fires",
      "uri": "spotify:track:00wLVHUkgYxh2air7gPhzK"
    },
    {
      "artist": "Fly By Midnight",
      "album": "Happy About Everything Else...",
      "track": "Love Me Like a Friend",
      "uri": "spotify:track:0110a0AM2nOV8yYa9u6kjQ"
    },
    {
      "artist": "Ramengvrl",
      "album": "MING LING (feat. Yung Raja)",
      "track": "MING LING (feat. Yung Raja)",
      "uri": "spotify:track:00g4AEpAH40uIlm62yf3Rt"
    },
    {
      "artist": "OLSO",
      "album": "Cold",
      "track": "Cold",
      "uri": "spotify:track:1kni4OdbmFPZsH3hxWGCXS"
    },
    {
      "artist": "Elohim",
      "album": "FYM (feat. Wiz Khalifa)",
      "track": "FYM (feat. Wiz Khalifa) - Rock Mafia Remix",
      "uri": "spotify:track:0BXrMEEmmsxuZqkF1ySF4X"
    },
    {
      "artist": "Prismo",
      "album": "NCS: The Best of 2017",
      "track": "Hold On",
      "uri": "spotify:track:55nZRG7TMAtFbsPzVTQ3iJ"
    },
    {
      "artist": "blackbear",
      "album": "hot girl bummer",
      "track": "hot girl bummer",
      "uri": "spotify:track:7aiClxsDWFRQ0Kzk5KI5ku"
    },
    {
      "artist": "Krewella",
      "album": "New World",
      "track": "New World",
      "uri": "spotify:track:2gBQ35qqBE75t00kV221Xy"
    },
    {
      "artist": "Jetta",
      "album": "Sonder",
      "track": "I'd Love to Change the World - Matstubs Remix",
      "uri": "spotify:track:4uaKkokxOTir1EC20LngSV"
    },
    {
      "artist": "DVBBS",
      "album": "Parallel Lines (feat. Happy Sometimes)",
      "track": "Parallel Lines (feat. Happy Sometimes)",
      "uri": "spotify:track:4XGqzhzg4PDmdPEMWmi7r8"
    },
    {
      "artist": "Internet Money",
      "album": "Blastoff (feat. Juice Wrld & Trippie Redd)",
      "track": "Blastoff (feat. Juice Wrld & Trippie Redd)",
      "uri": "spotify:track:79vHcg0q40NY8PZ6Oyf0pA"
    },
    {
      "artist": "Valesco",
      "album": "Cloud 9",
      "track": "Cloud 9",
      "uri": "spotify:track:5YmYr08pO7fd7cKzkymFIY"
    },
    {
      "artist": "Marshmello",
      "album": "One Thing Right",
      "track": "One Thing Right",
      "uri": "spotify:track:4hPpVbbakQNv8YTHYaOJP4"
    },
    {
      "artist": "TheFatRat",
      "album": "Close To The Sun",
      "track": "Close To The Sun",
      "uri": "spotify:track:7CQjnYsGLdtcrsp95oBpCv"
    },
    {
      "artist": "Jack Ü",
      "album": "Skrillex and Diplo present Jack Ü",
      "track": "Take Ü There (feat. Kiesza)",
      "uri": "spotify:track:2RpKh7kXSdO8NLrW9VQ46p"
    },
    {
      "artist": "Rain Man",
      "album": "Bring Back the Summer (feat. OLY)",
      "track": "Bring Back the Summer (feat. OLY) - Not Your Dope Remix",
      "uri": "spotify:track:1cg9BfCNuU7I5vwpEriWQS"
    },
    {
      "artist": "Abstract",
      "album": "Not Alone",
      "track": "Not Alone",
      "uri": "spotify:track:4LnMxUD2RsEOZ0ZOsnty0o"
    },
    {
      "artist": "Jaylon Ashaun",
      "album": "Final Draft",
      "track": "Goosebumps",
      "uri": "spotify:track:0GLlvmD8hAGNxGSHwcrjMY"
    },
    {
      "artist": "jfarr",
      "album": "thinking of ya",
      "track": "thinking of ya",
      "uri": "spotify:track:3G9ykGGKN2xKRZ4059GVre"
    },
    {
      "artist": "TheFatRat",
      "album": "Jackpot",
      "track": "Epic",
      "uri": "spotify:track:4C8YLKqWA4i4sMmJ1kOJi4"
    },
    {
      "artist": "A Himitsu",
      "album": "Adventures",
      "track": "Adventures",
      "uri": "spotify:track:19uuiVuN6YvFvetpjzfUYg"
    },
    {
      "artist": "Ben Provencial",
      "album": "NOT ALRIGHT",
      "track": "NOT ALRIGHT",
      "uri": "spotify:track:3H2XTnnOQ6RKpV099xsGZv"
    },
    {
      "artist": "Steve Void",
      "album": "Words",
      "track": "Words",
      "uri": "spotify:track:32kKlyZ9LrEGkhiWsDlexG"
    },
    {
      "artist": "Steve Aoki",
      "album": "Waste It On Me",
      "track": "Waste It On Me - Cheat Codes Remix",
      "uri": "spotify:track:6DO7kdLSEBAt7hH6jOgOj6"
    },
    {
      "artist": "blackbear",
      "album": "do re mi X",
      "track": "do re mi - Tarro Remix",
      "uri": "spotify:track:7G8UKUWmYgIWd1rwrROdc5"
    },
    {
      "artist": "Galantis",
      "album": "Girls On Boys",
      "track": "Girls On Boys",
      "uri": "spotify:track:2ODKShrWcNSyoqqCWHzuzR"
    },
    {
      "artist": "Sondr",
      "album": "True Love (feat. Laurell) (feat. Laurell)",
      "track": "True Love (feat. Laurell) (feat. Laurell)",
      "uri": "spotify:track:3eE9HhSUdJTJXQvbVQQD2z"
    },
    {
      "artist": "TheFatRat",
      "album": "Monody",
      "track": "Monody",
      "uri": "spotify:track:4cPQBZ37Rm0dU2qRLo8oRT"
    },
    {
      "artist": "Streex",
      "album": "Forever",
      "track": "Forever",
      "uri": "spotify:track:6bDuSI5t7GTjGsW84yyme6"
    },
    {
      "artist": "Adam Oh",
      "album": "10/10",
      "track": "10/10",
      "uri": "spotify:track:7iVdlKSD5BnnDTA2Sls6mx"
    },
    {
      "artist": "Skizzy Mars",
      "album": "Gift and a Curse (feat. Yung Pinch)",
      "track": "Gift and a Curse (feat. Yung Pinch)",
      "uri": "spotify:track:4ffiKZuYJPRpLaeVHXMVyM"
    },
    {
      "artist": "Said The Sky",
      "album": "Show & Tell (feat. Claire Ridgely)",
      "track": "Show & Tell (feat. Claire Ridgely)",
      "uri": "spotify:track:0FEVuP7eiEvn5IP1VwxirC"
    },
    {
      "artist": "Sam F",
      "album": "Limitless (feat. Sophie Rose)",
      "track": "Limitless (feat. Sophie Rose)",
      "uri": "spotify:track:1iqWOhbj2huCgIbwoq5Jcq"
    },
    {
      "artist": "Helena Legend",
      "album": "Dose of You",
      "track": "Dose of You - Radio Edit",
      "uri": "spotify:track:41UZ2MAkS690nqOzVHe91T"
    },
    {
      "artist": "Bryce Vine",
      "album": "Nobody",
      "track": "Nobody",
      "uri": "spotify:track:68WYOvbtXxHk4L1rquXLJV"
    },
    {
      "artist": "chillpill",
      "album": "FUCK THE CLUB (feat. GOLDN)",
      "track": "FUCK THE CLUB (feat. GOLDN)",
      "uri": "spotify:track:4bbDlzPasNSFI1l69mx2zx"
    },
    {
      "artist": "blackbear",
      "album": "cheers (with Wiz Khalifa)",
      "track": "cheers (with Wiz Khalifa)",
      "uri": "spotify:track:41uMT21Z2Sts6UNsz19ZH5"
    },
    {
      "artist": "Velveteen",
      "album": "Part of the Game",
      "track": "Part of the Game",
      "uri": "spotify:track:3ARUZbV40YIBegFOIQjwKQ"
    },
    {
      "artist": "Zara Larsson",
      "album": "So Good",
      "track": "Lush Life",
      "uri": "spotify:track:1rIKgCH4H52lrvDcz50hS8"
    },
    {
      "artist": "Cole Norton",
      "album": "Perfect",
      "track": "Perfect - Phille G Remix",
      "uri": "spotify:track:0Fwq74pSLDk9SPGmPQs7dY"
    },
    {
      "artist": "Lauv",
      "album": "Drugs & The Internet",
      "track": "Drugs & The Internet",
      "uri": "spotify:track:4SHhui9S7lFYGHXikfneGo"
    },
    {
      "artist": "DREAMDNVR",
      "album": "AMNESIA (feat. Boy In Space)",
      "track": "AMNESIA (feat. Boy In Space)",
      "uri": "spotify:track:1UyDQh3HBJwL6IxR9mXipZ"
    },
    {
      "artist": "Marshmello",
      "album": "Moving On",
      "track": "Moving On",
      "uri": "spotify:track:6Ehy8wRUYjAZcMMRCxMZVM"
    },
    {
      "artist": "Shawn Wasabi",
      "album": "Otter Pop",
      "track": "Otter Pop",
      "uri": "spotify:track:3hGB6zmV7vI5jPAJxTW6Br"
    },
    {
      "artist": "The Chainsmokers",
      "album": "Who Do You Love",
      "track": "Who Do You Love",
      "uri": "spotify:track:11cDEev79fPKi6uJCjUhu8"
    },
    {
      "artist": "Just Juice",
      "album": "SIDELINES",
      "track": "SIDELINES",
      "uri": "spotify:track:1bN3TjX1Bi9oti01BMXDuc"
    },
    {
      "artist": "Sigala",
      "album": "Came Here for Love",
      "track": "Came Here for Love",
      "uri": "spotify:track:3kGfazcbVvVkuZunzlLgTD"
    },
    {
      "artist": "CVBZ",
      "album": "2 Gone",
      "track": "2 Gone",
      "uri": "spotify:track:0aX2TCQRU3FHUMrOagZi2k"
    },
    {
      "artist": "Marshmello",
      "album": "Happier",
      "track": "Happier",
      "uri": "spotify:track:2dpaYNEQHiRxtZbfNsse99"
    },
    {
      "artist": "Jon Bellion",
      "album": "The Human Condition",
      "track": "All Time Low",
      "uri": "spotify:track:0SuLAslEMFZAXf0SwY7syi"
    },
    {
      "artist": "Yellow Claw",
      "album": "Never Dies",
      "track": "Let’s Get Married (feat. Offset & Era Istrefi)",
      "uri": "spotify:track:6SUbm6rRM56N5DlScKXNZ5"
    },
    {
      "artist": "Far East Movement",
      "album": "Identity",
      "track": "Freal Luv",
      "uri": "spotify:track:1a1JeLSQDwaAbsj8jRtRmI"
    },
    {
      "artist": "Max Styler",
      "album": "Heroes (feat. Nevve)",
      "track": "Heroes (feat. Nevve)",
      "uri": "spotify:track:7swz1OCHsrMp4xwY8XhvsE"
    },
    {
      "artist": "Frank Walker",
      "album": "Heartbreak Back",
      "track": "Heartbreak Back - R3HAB Remix",
      "uri": "spotify:track:4aimS7UJHeBfF0eJDhIGBH"
    },
    {
      "artist": "iann dior",
      "album": "Industry Plant",
      "track": "gone girl",
      "uri": "spotify:track:3iH29NcCxYgI5shlkZrUoB"
    },
    {
      "artist": "Galantis",
      "album": "Rich Boy",
      "track": "Rich Boy",
      "uri": "spotify:track:0K7Dd9DP6fvOl0mrlX0aUa"
    },
    {
      "artist": "Bravo",
      "album": "Skyfall",
      "track": "Skyfall",
      "uri": "spotify:track:1j7yVFJWrnLwFy4vfZYRlq"
    }
  ],
  "albums": [
    {
      "artist": "It's Different",
      "album": "Tell Me",
      "uri": "spotify:album:043cdq3Hjq0uCMRl1M4w1M"
    },
    {
      "artist": "The Chainsmokers",
      "album": "All We Know",
      "uri": "spotify:album:0xmaV6EtJ4M3ebZUPRnhyb"
    }
  ],
  "shows": [
  ],
  "episodes": [
  ],
  "bannedTracks": [
  ],
  "artists": [
    {
      "name": "Bassjackers",
      "uri": "spotify:artist:6xQvQwZQQuq9R3TdPNbcR8"
    },
    {
      "name": "Cheat Codes",
      "uri": "spotify:artist:7DMveApC7UnC2NPfPvlHSU"
    },
    {
      "name": "David Guetta",
      "uri": "spotify:artist:1Cs0zKBU1kc0i8ypK3B9ai"
    },
    {
      "name": "Dimitri Vegas & Like Mike",
      "uri": "spotify:artist:73jBynjsVtofjRpdpRAJGk"
    },
    {
      "name": "Eminem",
      "uri": "spotify:artist:7dGJo4pcD2V6oG8kP0tJRR"
    },
    {
      "name": "Far East Movement",
      "uri": "spotify:artist:698hF4vcwHwPy8ltmXermq"
    },
    {
      "name": "Jay Ham",
      "uri": "spotify:artist:6diDsPkeLxmF1r5vKnfOli"
    },
    {
      "name": "Jewelz & Sparks",
      "uri": "spotify:artist:50kceDjknh0CjwOko7kx7V"
    },
    {
      "name": "Krewella",
      "uri": "spotify:artist:0Cd6nHYwecCNM1sVEXKlYr"
    },
    {
      "name": "Marshmello",
      "uri": "spotify:artist:64KEffDW9EtZ1y2vBYgq8T"
    },
    {
      "name": "Martin Jensen",
      "uri": "spotify:artist:4ehtJnVumNf6xzSCDk8aLB"
    },
    {
      "name": "NF",
      "uri": "spotify:artist:6fOMl44jA4Sp5b9PpYCkzz"
    },
    {
      "name": "No Sleep",
      "uri": "spotify:artist:0z8wRCODl1V4piv2zHPDV5"
    },
    {
      "name": "Steve Void",
      "uri": "spotify:artist:3WSK3JppX3N41XHVwQp7Gt"
    },
    {
      "name": "TheFatRat",
      "uri": "spotify:artist:3OKg7YbOIatODzkRIbLJR4"
    }
  ],
  "bannedArtists": [
  ],
  "other": [
  ]
}